{"cameraMode":{"drawMode":0,"name":"Shaded","section":"Shading Mode"},"sceneLighting":false,"audioPlay":false,"sceneViewState":{"m_AlwaysRefresh":false,"showFog":true,"showSkybox":false,"showFlares":true,"showImageEffects":true,"showParticleSystems":true,"showVisualEffectGraphs":true,"m_FxEnabled":true},"in2DMode":false,"pivot":{"x":-0.06621301174163819,"y":1.0925796031951905,"z":-0.12327632308006287},"rotation":{"x":-0.4343336224555969,"y":-0.04860851541161537,"z":0.023482486605644227,"w":-0.8991385102272034},"size":1.5814118385314942,"orthographic":false}