{"cameraMode":{"drawMode":0,"name":"Shaded","section":"Shading Mode"},"sceneLighting":false,"audioPlay":false,"sceneViewState":{"m_AlwaysRefresh":false,"showFog":true,"showSkybox":false,"showFlares":true,"showImageEffects":true,"showParticleSystems":true,"showVisualEffectGraphs":true,"m_FxEnabled":true},"in2DMode":false,"pivot":{"x":-0.029674040153622628,"y":1.0207746028900147,"z":-0.031575433909893039},"rotation":{"x":0.061644647270441058,"y":0.9323369264602661,"z":-0.3007107079029083,"w":0.19112513959407807},"size":1.7567120790481568,"orthographic":false}